candidate_id,semantic,career,skills,behavior,experience,final_score
CAND_0000031,0.3789,0.8667,0.2667,0.7257,1.0,0.5671
CAND_0000410,0.4988,0.7333,0.2,0.4637,0.85,0.5249
CAND_0000883,0.5483,0.6,0.3333,0.3367,0.7,0.5048
CAND_0000422,0.48,0.4,0.2,0.6703,1.0,0.4725
CAND_0000493,0.4349,0.6,0.0,0.6238,1.0,0.4675
CAND_0000666,0.4568,0.4667,0.2,0.5724,1.0,0.4652
CAND_0000220,0.5769,0.4,0.2667,0.262,0.85,0.4526
CAND_0000739,0.5865,0.2667,0.2667,0.4428,0.85,0.4502
CAND_0000133,0.5729,0.3333,0.2,0.3957,0.85,0.4444
CAND_0000273,0.5156,0.2667,0.1333,0.6732,1.0,0.4439
CAND_0000499,0.4753,0.4667,0.0,0.6286,0.85,0.4436
CAND_0000847,0.6306,0.0667,0.2667,0.6444,0.7,0.4406
CAND_0000839,0.5938,0.2667,0.3333,0.2807,0.85,0.4388
CAND_0000821,0.5502,0.1333,0.3333,0.541,1.0,0.4346
CAND_0000983,0.5017,0.6,0.0,0.3182,0.7,0.4334
CAND_0000860,0.429,0.5333,0.0,0.517,1.0,0.4325
CAND_0000302,0.5139,0.2667,0.0667,0.665,1.0,0.432
CAND_0000624,0.5099,0.4667,0.0,0.4067,1.0,0.4316
CAND_0000989,0.5728,0.2667,0.2,0.415,0.85,0.4305
CAND_0000371,0.4898,0.5333,0.0,0.4368,0.7,0.4298
CAND_0000981,0.4813,0.2667,0.1333,0.6594,1.0,0.4281
CAND_0000289,0.4496,0.6667,0.0,0.3077,0.7,0.4277
CAND_0000681,0.4754,0.2667,0.0667,0.7386,1.0,0.4276
CAND_0000399,0.5567,0.3333,0.3333,0.238,0.7,0.4267
CAND_0000322,0.6286,0.2,0.2,0.3508,0.85,0.4265
CAND_0000853,0.5229,0.4,0.0,0.4859,0.85,0.4246
CAND_0000201,0.5314,0.3333,0.1333,0.4747,0.7,0.4221
CAND_0000722,0.5626,0.2667,0.2667,0.3669,0.7,0.4218
CAND_0000846,0.4983,0.5333,0.0,0.3603,0.7,0.4217
CAND_0000509,0.412,0.5333,0.0,0.5395,0.85,0.4216
CAND_0000892,0.4941,0.3333,0.0,0.5917,1.0,0.4197
CAND_0000360,0.4845,0.2667,0.1333,0.5895,1.0,0.4189
CAND_0000002,0.5508,0.3333,0.0,0.5268,0.7,0.4177
CAND_0000382,0.5247,0.3333,0.0,0.4928,1.0,0.4171
CAND_0000581,0.5163,0.3333,0.2667,0.3463,0.7,0.4168
CAND_0000330,0.6232,0.2,0.1333,0.3655,0.85,0.4166
CAND_0000165,0.4821,0.2,0.1333,0.6845,1.0,0.4155
CAND_0000828,0.6005,0.1333,0.2,0.4569,0.85,0.4146
CAND_0000390,0.4829,0.2,0.1333,0.6762,1.0,0.4146
CAND_0000664,0.525,0.2,0.2,0.4915,1.0,0.4137
CAND_0000532,0.4539,0.4,0.0,0.6421,0.7,0.4129
CAND_0000025,0.5106,0.2667,0.0,0.6128,1.0,0.4128
CAND_0000321,0.4913,0.4,0.0,0.5383,0.7,0.4123
CAND_0000541,0.5726,0.2,0.2667,0.3338,0.85,0.4116
CAND_0000120,0.6057,0.1333,0.2,0.3685,1.0,0.4109
CAND_0000149,0.4749,0.6,0.0,0.2328,0.7,0.4099
CAND_0000705,0.4926,0.2667,0.2667,0.5397,0.5,0.4097
CAND_0000974,0.535,0.2,0.0,0.6823,0.85,0.4089
CAND_0000100,0.4845,0.4667,0.0,0.4187,0.7,0.4083
CAND_0000969,0.4681,0.2,0.1333,0.6663,1.0,0.4072
CAND_0000680,0.4625,0.4667,0.0,0.4182,0.85,0.4069
CAND_0000312,0.5349,0.1333,0.3333,0.444,0.85,0.4064
CAND_0000280,0.4743,0.4,0.0667,0.375,1.0,0.406
CAND_0000770,0.5893,0.2,0.0667,0.4002,1.0,0.4058
CAND_0000361,0.5715,0.0667,0.2,0.5866,0.85,0.4058
CAND_0000630,0.5012,0.4,0.0,0.361,1.0,0.4046
CAND_0000043,0.5072,0.2667,0.2667,0.2925,1.0,0.4034
CAND_0000864,0.5029,0.3333,0.0,0.5553,0.7,0.4028
CAND_0000389,0.5563,0.1333,0.3333,0.3103,1.0,0.4024
CAND_0000855,0.5026,0.2667,0.0,0.5607,1.0,0.4018
CAND_0000069,0.4877,0.4,0.0,0.4775,0.7,0.4017
CAND_0000473,0.4542,0.3333,0.0,0.575,1.0,0.4013
CAND_0000854,0.528,0.2,0.0667,0.5303,1.0,0.4008
CAND_0000211,0.5291,0.2667,0.2,0.2828,1.0,0.4007
CAND_0000464,0.4911,0.4667,0.0,0.2977,0.85,0.4003
CAND_0000760,0.5609,0.1333,0.0667,0.5953,0.85,0.3995
CAND_0000242,0.4825,0.3333,0.0,0.537,0.85,0.3994
CAND_0000492,0.5193,0.3333,0.0,0.4883,0.7,0.3993
CAND_0000498,0.5623,0.2,0.2,0.3344,0.85,0.3976
CAND_0000459,0.478,0.3333,0.0,0.4865,1.0,0.3975
CAND_0000465,0.4729,0.4,0.0,0.4375,0.85,0.3973
CAND_0000505,0.5273,0.2667,0.3333,0.1805,0.85,0.3971
CAND_0000154,0.496,0.3333,0.0,0.4845,0.85,0.3969
CAND_0000838,0.4922,0.3333,0.0,0.5408,0.7,0.3963
CAND_0000341,0.4497,0.4,0.0,0.5385,0.7,0.3956
CAND_0000749,0.4975,0.3333,0.0,0.5218,0.7,0.3956
CAND_0000967,0.5818,0.0667,0.1333,0.503,1.0,0.3948
CAND_0000683,0.5428,0.0,0.2667,0.5837,1.0,0.3947
CAND_0000859,0.5035,0.0667,0.0667,0.7766,1.0,0.3946
CAND_0000862,0.5593,0.0667,0.2667,0.4752,0.85,0.3942
CAND_0000724,0.5113,0.2667,0.0,0.4809,1.0,0.3933
CAND_0000917,0.4982,0.1333,0.0667,0.6707,1.0,0.3932
CAND_0000671,0.5681,0.0,0.3333,0.4373,1.0,0.3928
CAND_0000160,0.5296,0.1333,0.1333,0.517,1.0,0.3927
CAND_0000993,0.501,0.1333,0.0,0.7241,1.0,0.3924
CAND_0000093,0.5409,0.1333,0.0,0.6135,1.0,0.3917
CAND_0000915,0.6071,0.0,0.2,0.5085,0.85,0.3916
CAND_0000319,0.4397,0.3333,0.0,0.548,1.0,0.3914
CAND_0000656,0.5278,0.3333,0.0,0.3603,0.85,0.391
CAND_0000083,0.5803,0.0667,0.2,0.4135,1.0,0.3908
CAND_0000605,0.4699,0.3333,0.0,0.4621,1.0,0.3906
CAND_0000212,0.5205,0.2,0.3333,0.3153,0.7,0.3905
CAND_0000803,0.5643,0.0667,0.2667,0.3875,1.0,0.3905
CAND_0000574,0.4998,0.3333,0.0,0.4313,0.85,0.3904
CAND_0000217,0.5072,0.2667,0.0,0.5198,0.85,0.39
CAND_0000484,0.4433,0.4667,0.0,0.3518,0.85,0.3893
CAND_0000932,0.5747,0.0,0.3333,0.3952,1.0,0.3892
CAND_0000024,0.5158,0.2,0.0,0.5519,1.0,0.3891
CAND_0000496,0.4183,0.4,0.0,0.5265,0.85,0.3888
CAND_0000307,0.4988,0.2667,0.0,0.4826,1.0,0.3886
CAND_0000486,0.5087,0.3333,0.0,0.3436,1.0,0.3883
CAND_0000674,0.4999,0.2667,0.0,0.5261,0.85,0.388
CAND_0000084,0.5028,0.3333,0.0,0.4048,0.85,0.3877
CAND_0000400,0.4236,0.5333,0.0,0.3312,0.7,0.3874
CAND_0000352,0.5193,0.1333,0.0667,0.6215,0.85,0.3868
CAND_0000571,0.4404,0.4667,0.0,0.2855,1.0,0.3857
CAND_0000026,0.5161,0.2667,0.0,0.4147,1.0,0.3853
CAND_0000692,0.4525,0.4667,0.0,0.3475,0.7,0.3848
CAND_0000428,0.4935,0.2667,0.0,0.57,0.7,0.3845
CAND_0000048,0.4938,0.2667,0.0,0.5175,0.85,0.3843
CAND_0000425,0.5094,0.3333,0.0,0.3568,0.85,0.3831
CAND_0000082,0.4679,0.0667,0.2,0.6575,1.0,0.3825
CAND_0000825,0.5287,0.2667,0.0,0.411,0.85,0.3823
CAND_0000658,0.4559,0.4,0.0,0.4315,0.7,0.3821
CAND_0000261,0.4506,0.4,0.0,0.4453,0.7,0.382
CAND_0000744,0.4143,0.4667,0.0,0.3805,0.85,0.3819
CAND_0000726,0.4733,0.3333,0.0,0.4422,0.85,0.3815
CAND_0000314,0.4834,0.2667,0.0,0.526,0.85,0.3814
CAND_0000466,0.4688,0.2667,0.0,0.5151,1.0,0.3814
CAND_0000903,0.5062,0.1333,0.0,0.6363,1.0,0.3812
CAND_0000968,0.468,0.3333,0.0,0.4995,0.7,0.3805
CAND_0000021,0.5442,0.1333,0.2667,0.363,0.7,0.3805
CAND_0000907,0.4754,0.4,0.0,0.2675,1.0,0.3803
CAND_0000725,0.4544,0.4,0.0,0.3728,0.85,0.3802
CAND_0000394,0.5209,0.1333,0.0,0.59,1.0,0.3802
CAND_0000633,0.5429,0.1333,0.0,0.5308,1.0,0.3801
CAND_0000075,0.5111,0.2667,0.0,0.3914,1.0,0.3798
CAND_0000437,0.4988,0.3333,0.0,0.363,0.85,0.3798
CAND_0000927,0.5718,0.0,0.2,0.5218,0.85,0.3795
CAND_0000953,0.5327,0.3333,0.0,0.3178,0.7,0.3791
CAND_0000987,0.5362,0.0667,0.1333,0.569,0.85,0.379
CAND_0000515,0.4162,0.4667,0.0,0.404,0.7,0.3787
CAND_0000074,0.6051,0.0,0.2667,0.4755,0.5,0.3784
CAND_0000912,0.4056,0.4,0.0,0.4413,1.0,0.3784
CAND_0000448,0.432,0.4,0.0,0.4667,0.7,0.3778
CAND_0000789,0.4532,0.2667,0.0,0.5305,1.0,0.3775
CAND_0000693,0.5259,0.1333,0.0,0.556,1.0,0.3771
CAND_0000949,0.5139,0.2,0.0,0.527,0.85,0.3771
CAND_0000596,0.4836,0.2667,0.0,0.4958,0.85,0.377
CAND_0000871,0.572,0.2,0.0,0.3212,1.0,0.377
CAND_0000203,0.534,0.1333,0.2667,0.3165,0.85,0.3769
CAND_0000131,0.5631,0.0667,0.0,0.6168,0.85,0.3769
CAND_0000384,0.4962,0.2,0.0,0.5221,1.0,0.3768
CAND_0000942,0.5166,0.2667,0.0,0.3565,1.0,0.3768
CAND_0000015,0.4999,0.1333,0.0667,0.5545,1.0,0.3765
CAND_0000430,0.4302,0.4,0.0,0.4125,0.85,0.3765
CAND_0000036,0.4882,0.2,0.0,0.5885,0.85,0.3761
CAND_0000421,0.6001,0.0667,0.2,0.312,0.85,0.376
CAND_0000045,0.5342,0.2667,0.0,0.4015,0.7,0.3756
CAND_0000020,0.5261,0.2,0.0,0.4325,1.0,0.3753
CAND_0000985,0.5378,0.1333,0.0,0.5105,1.0,0.375
CAND_0000433,0.4802,0.3333,0.0,0.3769,0.85,0.3744
CAND_0000935,0.4916,0.2,0.0,0.517,1.0,0.3742
CAND_0000678,0.5623,0.2667,0.0,0.2675,0.85,0.3742
CAND_0000354,0.4331,0.1333,0.0667,0.7177,1.0,0.3742
CAND_0000928,0.509,0.1333,0.0667,0.512,1.0,0.3737
CAND_0000349,0.4578,0.2667,0.0,0.5401,0.85,0.3733
CAND_0000200,0.4943,0.1333,0.0667,0.5978,0.85,0.3732
CAND_0000896,0.4505,0.4,0.0,0.385,0.7,0.373
CAND_0000647,0.5043,0.2667,0.0,0.3635,1.0,0.3729
CAND_0000547,0.5074,0.1333,0.0667,0.5598,0.85,0.3728
CAND_0000387,0.4893,0.3333,0.0,0.3395,0.85,0.3725
CAND_0000986,0.5278,0.3333,0.0,0.2865,0.7,0.3724
CAND_0000388,0.6036,0.0667,0.2,0.2283,1.0,0.3723
CAND_0000105,0.5132,0.2667,0.0,0.385,0.85,0.3722
CAND_0000001,0.4816,0.0,0.2667,0.5957,1.0,0.372
CAND_0000085,0.5103,0.2667,0.0,0.4405,0.7,0.3719
CAND_0000738,0.583,0.0667,0.2,0.4457,0.5,0.3717
CAND_0000136,0.4959,0.1333,0.0667,0.5328,1.0,0.3716
CAND_0000560,0.5101,0.1333,0.0,0.5615,1.0,0.3716
CAND_0000520,0.4802,0.2667,0.0,0.4193,1.0,0.3716
CAND_0000461,0.5258,0.1333,0.0,0.5181,1.0,0.3714
CAND_0000938,0.5001,0.1333,0.0667,0.5202,1.0,0.3714
CAND_0000142,0.4831,0.1333,0.0667,0.5655,1.0,0.3714
CAND_0000151,0.5258,0.2,0.0,0.4055,1.0,0.3712
CAND_0000634,0.4837,0.1333,0.0,0.6778,0.85,0.371
CAND_0000295,0.5273,0.1333,0.0,0.5108,1.0,0.3709
CAND_0000263,0.5234,0.1333,0.0667,0.4546,1.0,0.3709
CAND_0000583,0.4278,0.4667,0.0,0.3192,0.7,0.3707
CAND_0000016,0.4666,0.1333,0.0,0.6693,1.0,0.3704
CAND_0000665,0.4883,0.0,0.1333,0.6999,1.0,0.3703
CAND_0000905,0.4891,0.2667,0.0667,0.4863,0.5,0.3702
CAND_0000623,0.495,0.1333,0.0,0.5903,1.0,0.3699
CAND_0000455,0.4386,0.3333,0.0,0.5068,0.7,0.3698
CAND_0000444,0.4407,0.4,0.0,0.39,0.7,0.3698
CAND_0000137,0.4825,0.1333,0.0,0.6731,0.85,0.3698
CAND_0000014,0.5068,0.1333,0.1333,0.4228,1.0,0.3695
CAND_0000235,0.4718,0.2667,0.0,0.4755,0.85,0.3692
CAND_0000209,0.3439,0.4,0.0,0.5936,0.85,0.3691
CAND_0000919,0.5019,0.1333,0.0,0.6144,0.85,0.3687
CAND_0000063,0.5074,0.0,0.0667,0.7043,1.0,0.3686
CAND_0000699,0.6121,0.0,0.1333,0.4083,0.85,0.3686
CAND_0000270,0.4778,0.3333,0.0,0.3933,0.7,0.3685
CAND_0000367,0.5018,0.3333,0.0,0.2295,1.0,0.3685
CAND_0000227,0.5158,0.0667,0.1333,0.5024,1.0,0.3684
CAND_0000965,0.5442,0.1333,0.0,0.4478,1.0,0.3682
CAND_0000097,0.5791,0.0667,0.2,0.2618,1.0,0.3676
CAND_0000874,0.5172,0.0667,0.0667,0.5605,1.0,0.3676
CAND_0000345,0.4981,0.0667,0.1333,0.5951,0.85,0.3676
CAND_0000436,0.4285,0.3333,0.0,0.4185,1.0,0.3675
CAND_0000869,0.4928,0.2667,0.0667,0.338,0.85,0.367
CAND_0000506,0.535,0.0667,0.0,0.5733,1.0,0.3667
CAND_0000611,0.5203,0.0,0.0667,0.6561,1.0,0.3665
CAND_0000686,0.4533,0.3333,0.0,0.442,0.7,0.366
CAND_0000167,0.4845,0.2,0.0,0.5314,0.85,0.366
CAND_0000323,0.4474,0.2667,0.0,0.5685,0.7,0.3659
CAND_0000673,0.4648,0.2,0.0,0.533,1.0,0.3659
CAND_0000645,0.3593,0.4,0.0,0.5306,0.85,0.3658
CAND_0000587,0.4416,0.3333,0.0,0.3706,1.0,0.3656
CAND_0000294,0.5141,0.1333,0.0,0.51,1.0,0.3655
CAND_0000543,0.5153,0.2,0.0,0.3942,1.0,0.3653
CAND_0000197,0.4741,0.2667,0.0,0.3911,1.0,0.365
CAND_0000715,0.5058,0.1333,0.0667,0.512,0.85,0.365
CAND_0000646,0.5359,0.1333,0.0,0.498,0.85,0.3649
CAND_0000906,0.6121,0.0667,0.1333,0.3852,0.5,0.3643
CAND_0000286,0.4647,0.3333,0.0,0.3,1.0,0.3642
CAND_0000957,0.4183,0.3333,0.0,0.4735,0.85,0.3642
CAND_0000526,0.5154,0.1333,0.1333,0.3592,1.0,0.3634
CAND_0000895,0.515,0.1333,0.0667,0.4263,1.0,0.3633
CAND_0000268,0.4604,0.3333,0.0,0.3554,0.85,0.3633
CAND_0000879,0.4682,0.2,0.0,0.5058,1.0,0.3632
CAND_0000182,0.5127,0.1333,0.1333,0.364,1.0,0.363
CAND_0000933,0.5053,0.2667,0.0,0.2937,1.0,0.3629
CAND_0000950,0.5225,0.1333,0.0,0.5697,0.7,0.3628
CAND_0000187,0.4943,0.1333,0.0667,0.4776,1.0,0.3627
CAND_0000413,0.4535,0.3333,0.0,0.4195,0.7,0.3627
CAND_0000707,0.4306,0.1333,0.0,0.7134,1.0,0.3626
CAND_0000876,0.5006,0.1333,0.0,0.5258,1.0,0.3625
CAND_0000475,0.5445,0.1333,0.0,0.4088,1.0,0.3624
CAND_0000702,0.4618,0.3333,0.0,0.2958,1.0,0.3624
CAND_0000549,0.4547,0.2667,0.0,0.425,1.0,0.3623
CAND_0000650,0.4352,0.3333,0.0,0.465,0.7,0.3622
CAND_0000777,0.499,0.2,0.0,0.4148,1.0,0.3618
CAND_0000537,0.4793,0.2667,0.0,0.4545,0.7,0.3616
CAND_0000344,0.5449,0.1333,0.0667,0.5012,0.5,0.3615
CAND_0000629,0.4355,0.4,0.0,0.3465,0.7,0.3612
CAND_0000423,0.494,0.2,0.0,0.5907,0.5,0.3612
CAND_0000062,0.4822,0.0,0.0667,0.7723,0.85,0.3612
CAND_0000518,0.5456,0.2,0.0,0.451,0.5,0.3609
CAND_0000998,0.5255,0.0667,0.0,0.5602,1.0,0.3609
CAND_0000215,0.4925,0.2667,0.0,0.3143,1.0,0.3608
CAND_0000386,0.482,0.1333,0.0,0.6145,0.85,0.3608
CAND_0000875,0.5212,0.0667,0.2667,0.4705,0.5,0.3607
CAND_0000251,0.5119,0.2,0.0,0.4225,0.85,0.3606
CAND_0000997,0.4895,0.1333,0.0,0.5428,1.0,0.3606
CAND_0000010,0.5319,0.0667,0.1333,0.4574,0.85,0.3605
CAND_0000578,0.5404,0.0667,0.1333,0.382,1.0,0.3601
CAND_0000237,0.4712,0.4,0.0,0.2418,0.7,0.3597
CAND_0000606,0.5194,0.2,0.0,0.344,1.0,0.3593
CAND_0000544,0.4447,0.4,0.0,0.2595,0.85,0.3593
CAND_0000265,0.5754,0.0667,0.0,0.5835,0.5,0.3593
CAND_0000138,0.4521,0.2667,0.0,0.4069,1.0,0.3585
CAND_0000668,0.4778,0.1333,0.0,0.61,0.85,0.3585
CAND_0000785,0.5061,0.0667,0.0,0.5961,1.0,0.3585
CAND_0000751,0.4403,0.3333,0.0,0.3257,1.0,0.3583
CAND_0000418,0.5249,0.1333,0.0,0.4309,1.0,0.3579
CAND_0000042,0.4785,0.2667,0.0,0.3305,1.0,0.3576
CAND_0000840,0.472,0.2667,0.0,0.511,0.5,0.3571
CAND_0000608,0.4634,0.2,0.0,0.5278,0.85,0.357
CAND_0000395,0.5325,0.0667,0.1333,0.5491,0.5,0.357
CAND_0000609,0.4393,0.2667,0.0,0.4277,1.0,0.3565
CAND_0000226,0.5352,0.2,0.0,0.4485,0.5,0.3564
CAND_0000488,0.4957,0.2,0.0,0.4345,0.85,0.356
CAND_0000698,0.4278,0.4,0.0,0.3292,0.7,0.3555
CAND_0000962,0.5212,0.1333,0.0,0.4224,1.0,0.3552
CAND_0000177,0.4187,0.4,0.0,0.3508,0.7,0.3551
CAND_0000627,0.5176,0.1333,0.0,0.431,1.0,0.355
CAND_0000080,0.4412,0.2,0.0,0.5212,1.0,0.3547
CAND_0000247,0.5,0.0667,0.0,0.635,0.85,0.3544
CAND_0000121,0.5881,0.0667,0.2667,0.2485,0.5,0.3542
CAND_0000921,0.5625,0.0667,0.1333,0.2837,1.0,0.3542
CAND_0000580,0.454,0.2,0.0,0.4812,1.0,0.3538
CAND_0000512,0.5158,0.2667,0.0,0.2555,0.85,0.3538
CAND_0000402,0.5242,0.2667,0.0,0.2823,0.7,0.3537
CAND_0000642,0.4624,0.2667,0.0,0.3965,0.85,0.3536
CAND_0000866,0.481,0.1333,0.0667,0.4523,1.0,0.3536
CAND_0000311,0.5065,0.1333,0.0,0.4504,1.0,0.3535
CAND_0000225,0.4794,0.0667,0.0667,0.565,1.0,0.3532
CAND_0000930,0.5478,0.0,0.0,0.5603,1.0,0.3531
CAND_0000065,0.471,0.2667,0.0,0.3695,0.85,0.353
CAND_0000878,0.4842,0.0,0.0667,0.6616,1.0,0.3529
CAND_0000240,0.4518,0.2667,0.0,0.4705,0.7,0.3529
CAND_0000426,0.4879,0.1333,0.1333,0.3618,1.0,0.3527
CAND_0000440,0.5088,0.1333,0.0667,0.372,1.0,0.3527
CAND_0000555,0.4557,0.3333,0.0,0.2965,0.85,0.3526
CAND_0000134,0.5087,0.0,0.0667,0.5927,1.0,0.3524
CAND_0000956,0.5259,0.2667,0.0,0.2665,0.7,0.352
CAND_0000445,0.5051,0.1333,0.0,0.494,0.85,0.352
CAND_0000096,0.516,0.1333,0.0667,0.5125,0.5,0.3516
CAND_0000480,0.5309,0.1333,0.0,0.3712,1.0,0.3514
CAND_0000711,0.4499,0.2667,0.0,0.4648,0.7,0.3514
CAND_0000140,0.4993,0.1333,0.0,0.455,1.0,0.3513
CAND_0000110,0.5197,0.0,0.0,0.6713,0.85,0.3511
CAND_0000635,0.5053,0.1333,0.0,0.437,1.0,0.351
CAND_0000716,0.4774,0.0667,0.0,0.621,1.0,0.3508
CAND_0000813,0.489,0.1333,0.0,0.6456,0.5,0.3508
CAND_0000934,0.5439,0.1333,0.0,0.3307,1.0,0.3505
CAND_0000631,0.5118,0.1333,0.0,0.4153,1.0,0.3504
CAND_0001000,0.5065,0.2,0.0,0.4181,0.7,0.3503
CAND_0000127,0.5206,0.1333,0.0667,0.3245,1.0,0.3502
CAND_0000796,0.4356,0.2,0.0,0.5045,1.0,0.3499
CAND_0000103,0.515,0.1333,0.0,0.4535,0.85,0.3499
CAND_0000415,0.4124,0.2,0.0,0.6148,0.85,0.3497
CAND_0000952,0.4957,0.1333,0.0,0.4535,1.0,0.3496
CAND_0000516,0.4459,0.3333,0.0,0.2526,1.0,0.3496
CAND_0000041,0.5073,0.1333,0.0,0.5218,0.7,0.3495
CAND_0000272,0.4814,0.2,0.0,0.4798,0.7,0.3495
CAND_0000144,0.513,0.1333,0.0,0.5055,0.7,0.3494
CAND_0000023,0.5333,0.1333,0.0,0.5178,0.5,0.3493
CAND_0000441,0.4278,0.3333,0.0,0.2988,1.0,0.3493
CAND_0000316,0.4398,0.2667,0.0,0.4772,0.7,0.3492
CAND_0000996,0.5122,0.0667,0.0,0.6843,0.5,0.3492
CAND_0000228,0.5001,0.1333,0.0,0.488,0.85,0.3491
CAND_0000732,0.4885,0.2667,0.0,0.2964,0.85,0.349
CAND_0000737,0.4992,0.0,0.0,0.7103,0.85,0.3487
CAND_0000845,0.5677,0.0,0.1333,0.4443,0.7,0.3487
CAND_0000503,0.4685,0.2667,0.0,0.3475,0.85,0.3487
CAND_0000106,0.4562,0.2667,0.0,0.3285,1.0,0.3484
CAND_0000479,0.4714,0.3333,0.0,0.2753,0.7,0.3482
CAND_0000539,0.4809,0.0667,0.0667,0.694,0.5,0.3481
CAND_0000653,0.4445,0.2667,0.0,0.457,0.7,0.348
CAND_0000640,0.4061,0.2,0.0,0.6184,0.85,0.3477
CAND_0000594,0.4332,0.2667,0.0,0.3847,1.0,0.3477
CAND_0000236,0.526,0.2,0.0,0.2985,0.85,0.3477
CAND_0000529,0.4995,0.1333,0.0667,0.4127,0.85,0.3475
CAND_0000370,0.489,0.1333,0.0,0.4555,1.0,0.3472
CAND_0000830,0.4374,0.2667,0.0,0.3692,1.0,0.347
CAND_0000966,0.4236,0.2,0.0,0.6168,0.7,0.3469
CAND_0000929,0.5429,0.0,0.0,0.5815,0.85,0.3469
CAND_0000733,0.5102,0.1333,0.0,0.4448,0.85,0.3466
CAND_0000068,0.5402,0.0,0.0667,0.6319,0.5,0.3459
CAND_0000579,0.4427,0.2667,0.0,0.3479,1.0,0.3459
CAND_0000409,0.481,0.2,0.0,0.5225,0.5,0.3458
CAND_0000231,0.4637,0.1333,0.0,0.5112,1.0,0.3455
CAND_0000984,0.4858,0.1333,0.0667,0.4358,0.85,0.3455
CAND_0000791,0.526,0.0,0.0,0.6166,0.85,0.3454
CAND_0000943,0.517,0.0,0.1333,0.4575,1.0,0.3454
CAND_0000038,0.5237,0.0,0.0667,0.5051,1.0,0.3453
CAND_0000818,0.4232,0.2667,0.0,0.4459,0.85,0.3453
CAND_0000088,0.511,0.1333,0.0667,0.3163,1.0,0.3452
CAND_0000561,0.479,0.2,0.0,0.5219,0.5,0.3449
CAND_0000872,0.4979,0.1333,0.0,0.4163,1.0,0.3449
CAND_0000124,0.4732,0.1333,0.0,0.482,1.0,0.3449
CAND_0000269,0.4241,0.3333,0.0,0.3795,0.7,0.3449
CAND_0000809,0.4914,0.1333,0.0,0.4315,1.0,0.3446
CAND_0000060,0.5054,0.0,0.0667,0.5495,1.0,0.3446
CAND_0000626,0.5151,0.0667,0.0,0.4783,1.0,0.3445
CAND_0000654,0.5331,0.0,0.0667,0.5242,0.85,0.3444
CAND_0000807,0.4663,0.0667,0.0,0.608,1.0,0.3444
CAND_0000293,0.4973,0.1333,0.0,0.4647,0.85,0.3444
CAND_0000222,0.5109,0.0,0.0,0.6496,0.85,0.3443
CAND_0000232,0.4975,0.2,0.0,0.3523,0.85,0.3443
CAND_0000765,0.5552,0.0667,0.0,0.5363,0.5,0.3442
CAND_0000805,0.4848,0.0,0.0667,0.6008,1.0,0.344
CAND_0000852,0.5198,0.0667,0.0667,0.4457,0.85,0.344
CAND_0000959,0.4712,0.2,0.0,0.536,0.5,0.3439
CAND_0000719,0.5176,0.0,0.1333,0.4458,1.0,0.3439
CAND_0000358,0.5277,0.0667,0.0,0.6059,0.5,0.3436
CAND_0000870,0.4933,0.1333,0.0667,0.3533,1.0,0.3436
CAND_0000790,0.4561,0.2,0.0667,0.3395,1.0,0.3434
CAND_0000338,0.4753,0.2,0.0,0.3545,1.0,0.3433
CAND_0000191,0.4871,0.1333,0.0,0.4345,1.0,0.3433
CAND_0000500,0.4623,0.1333,0.0,0.4985,1.0,0.343
CAND_0000663,0.4763,0.0667,0.0,0.572,1.0,0.343
CAND_0000865,0.464,0.2,0.0,0.4323,0.85,0.3429
CAND_0000759,0.4456,0.0667,0.0,0.6527,1.0,0.3428
CAND_0000022,0.5002,0.2,0.0,0.4497,0.5,0.3426
CAND_0000925,0.4201,0.3333,0.0,0.3735,0.7,0.3424
CAND_0000159,0.5249,0.0,0.0,0.5997,0.85,0.3424
CAND_0000887,0.5443,0.0667,0.0,0.5537,0.5,0.3424
CAND_0000112,0.4989,0.0667,0.0667,0.607,0.5,0.3423
CAND_0000514,0.4673,0.3333,0.0,0.246,0.7,0.3422
CAND_0000781,0.4451,0.2667,0.0,0.3158,1.0,0.3421
CAND_0000836,0.4441,0.2667,0.0,0.3177,1.0,0.342
CAND_0000586,0.4355,0.2667,0.0,0.3396,1.0,0.3418
CAND_0000533,0.4971,0.2,0.0,0.4509,0.5,0.3415
CAND_0000723,0.448,0.2,0.0,0.5148,0.7,0.3414
CAND_0000773,0.4523,0.3333,0.0,0.28,0.7,0.3413
CAND_0000603,0.3834,0.2667,0.0,0.5244,0.85,0.3412
CAND_0000684,0.5153,0.0,0.0,0.567,1.0,0.3412
CAND_0000556,0.489,0.1333,0.0,0.5148,0.7,0.3412
CAND_0000718,0.5169,0.0,0.0,0.5629,1.0,0.3412
CAND_0000397,0.4839,0.1333,0.0667,0.4112,0.85,0.3411
CAND_0000427,0.5301,0.0,0.0,0.6932,0.5,0.341
CAND_0000046,0.539,0.0667,0.0,0.3908,1.0,0.3409
CAND_0000442,0.5106,0.1333,0.0,0.522,0.5,0.3409
CAND_0000625,0.4646,0.2,0.0,0.533,0.5,0.3408
CAND_0000976,0.4616,0.2667,0.0,0.2635,1.0,0.3408
CAND_0000891,0.4823,0.2,0.0,0.3687,0.85,0.3407
CAND_0000116,0.4758,0.0,0.0667,0.6015,1.0,0.3406
CAND_0000508,0.5165,0.0667,0.0667,0.4313,0.85,0.3405
CAND_0000545,0.5014,0.0,0.0,0.5988,1.0,0.3404
CAND_0000148,0.3826,0.3333,0.0,0.4584,0.7,0.3402
CAND_0000911,0.5179,0.0,0.1333,0.4203,1.0,0.3402
CAND_0000582,0.4684,0.2,0.0,0.3518,1.0,0.3401
CAND_0000700,0.4163,0.3333,0.0,0.3183,0.85,0.3401
CAND_0000051,0.5125,0.0,0.0,0.567,1.0,0.3401
CAND_0000277,0.5117,0.1333,0.0,0.5125,0.5,0.3399
CAND_0000233,0.4392,0.2667,0.0,0.4163,0.7,0.3398
CAND_0000331,0.489,0.0,0.0667,0.5602,1.0,0.3396
CAND_0000347,0.4548,0.2,0.0,0.3843,1.0,0.3396
CAND_0000178,0.4971,0.0667,0.0,0.493,1.0,0.3395
CAND_0000468,0.5076,0.0,0.0667,0.5081,1.0,0.3393
CAND_0000030,0.3989,0.2667,0.0,0.4707,0.85,0.3393
CAND_0000169,0.4725,0.2,0.0,0.4355,0.7,0.3393
CAND_0000343,0.4372,0.0,0.1333,0.6294,1.0,0.3393
CAND_0000960,0.5512,0.0667,0.0,0.4475,0.7,0.3393
CAND_0000092,0.5279,0.2,0.0,0.2368,0.85,0.3392
CAND_0000411,0.5486,0.0,0.1333,0.4983,0.5,0.3392
CAND_0000292,0.51,0.0667,0.1333,0.4892,0.5,0.3391
CAND_0000592,0.4745,0.1333,0.0,0.4893,0.85,0.339
CAND_0000703,0.4986,0.1333,0.0,0.3728,1.0,0.3387
CAND_0000077,0.5192,0.1333,0.0,0.318,1.0,0.3387
CAND_0000325,0.472,0.2,0.0,0.3318,1.0,0.3386
CAND_0000255,0.4937,0.0,0.0,0.6068,1.0,0.3385
CAND_0000414,0.4931,0.0667,0.0,0.5951,0.7,0.3382
CAND_0000098,0.5558,0.0,0.0,0.6058,0.5,0.3382
CAND_0000079,0.4007,0.2667,0.0,0.5078,0.7,0.3381
CAND_0000353,0.5062,0.0667,0.0,0.6262,0.5,0.3381
CAND_0000786,0.5019,0.0,0.0,0.632,0.85,0.338
CAND_0000868,0.5037,0.2,0.0,0.4095,0.5,0.3379
CAND_0000599,0.4829,0.0,0.0,0.6311,1.0,0.3378
CAND_0000163,0.4424,0.3333,0.0,0.2832,0.7,0.3378
CAND_0000523,0.4441,0.2667,0.0,0.3884,0.7,0.3376
CAND_0000675,0.514,0.1333,0.0,0.3228,1.0,0.3373
CAND_0000199,0.4814,0.2667,0.0,0.3543,0.5,0.3373
CAND_0000238,0.4948,0.1333,0.0667,0.3047,1.0,0.337
CAND_0000458,0.534,0.0,0.0,0.4888,1.0,0.3369
CAND_0000746,0.5503,0.0667,0.0,0.3828,0.85,0.3367
CAND_0000815,0.5919,0.0667,0.1333,0.2543,0.5,0.3366
CAND_0000824,0.4652,0.0667,0.0,0.659,0.7,0.3366
CAND_0000130,0.4833,0.1333,0.0,0.399,1.0,0.3365
CAND_0000185,0.484,0.0,0.0667,0.5522,1.0,0.3364
CAND_0000881,0.4671,0.2667,0.0,0.3855,0.5,0.3363
CAND_0000552,0.4978,0.0667,0.2667,0.2522,0.85,0.3361
CAND_0000374,0.3726,0.2667,0.0,0.5185,0.85,0.336
CAND_0000735,0.4435,0.2667,0.0,0.2785,1.0,0.3358
CAND_0000797,0.5382,0.0,0.1333,0.5025,0.5,0.3356
CAND_0000534,0.4775,0.1333,0.0,0.4587,0.85,0.3356
CAND_0000955,0.4903,0.0,0.0,0.7619,0.5,0.3354
CAND_0000019,0.546,0.1333,0.0,0.2245,1.0,0.3354
CAND_0000576,0.4692,0.1333,0.2,0.229,1.0,0.3354
CAND_0000114,0.4419,0.2,0.0,0.4905,0.7,0.3353
CAND_0000897,0.4099,0.2667,0.0,0.3633,1.0,0.3351
CAND_0000310,0.4879,0.1333,0.0,0.3772,1.0,0.3351
CAND_0000964,0.393,0.2667,0.0,0.4085,1.0,0.3351
CAND_0000535,0.4432,0.2,0.0,0.3838,1.0,0.3348
CAND_0000385,0.4555,0.1333,0.0,0.512,0.85,0.3348
CAND_0000333,0.5459,0.0,0.0,0.4425,1.0,0.3347
CAND_0000706,0.499,0.1333,0.0667,0.4446,0.5,0.3346
CAND_0000081,0.4814,0.2667,0.0,0.2185,0.85,0.3345
CAND_0000639,0.443,0.1333,0.0,0.5416,0.85,0.3343
CAND_0000258,0.4152,0.2,0.0,0.505,0.85,0.3343
CAND_0000284,0.5349,0.0667,0.0,0.5242,0.5,0.3342
CAND_0000889,0.5575,0.0667,0.0,0.4637,0.5,0.3342
CAND_0000802,0.5085,0.1333,0.0,0.3143,1.0,0.3339
CAND_0000229,0.5499,0.0667,0.0,0.482,0.5,0.3339
CAND_0000600,0.5139,0.0,0.0667,0.6204,0.5,0.3336
CAND_0000339,0.5458,0.0,0.0,0.6005,0.5,0.3334
CAND_0000602,0.4855,0.1333,0.0,0.3719,1.0,0.3333
CAND_0000162,0.4813,0.2,0.0,0.3712,0.7,0.3332
CAND_0000327,0.4657,0.1333,0.0,0.474,0.85,0.3332
CAND_0000476,0.5768,0.0667,0.0,0.405,0.5,0.3331
CAND_0000223,0.4901,0.0,0.0,0.5795,1.0,0.333
CAND_0000961,0.4707,0.2,0.0,0.296,1.0,0.3327
CAND_0000117,0.5155,0.0,0.0667,0.4418,1.0,0.3325
CAND_0000607,0.51,0.1333,0.0,0.3513,0.85,0.3325
CAND_0000156,0.4963,0.0667,0.0,0.4483,1.0,0.3324
CAND_0000593,0.4796,0.1333,0.0,0.3815,1.0,0.3324
CAND_0000604,0.4993,0.0,0.0,0.5511,1.0,0.3324
CAND_0000652,0.5318,0.0667,0.1333,0.3848,0.5,0.3321
CAND_0000168,0.4273,0.3333,0.0,0.234,0.85,0.3319
CAND_0000758,0.5229,0.0667,0.0,0.5403,0.5,0.3319
CAND_0000332,0.4703,0.1333,0.0,0.4031,1.0,0.3319
CAND_0000978,0.5282,0.0,0.0667,0.4527,0.85,0.3317
CAND_0000346,0.479,0.2,0.0,0.3155,0.85,0.3314
CAND_0000037,0.4724,0.2,0.0,0.382,0.7,0.3313
CAND_0000517,0.4866,0.0,0.1333,0.4435,1.0,0.3312
CAND_0000004,0.4855,0.3333,0.0,0.1913,0.5,0.3312
CAND_0000826,0.4712,0.1333,0.0,0.4455,0.85,0.3311
CAND_0000886,0.4549,0.2,0.0,0.3758,0.85,0.3308
CAND_0000704,0.4959,0.0667,0.0667,0.5386,0.5,0.3308
CAND_0000922,0.4273,0.2667,0.0,0.2842,1.0,0.3302
CAND_0000254,0.4988,0.1333,0.0,0.3158,1.0,0.3302
CAND_0000740,0.5137,0.1333,0.0,0.4422,0.5,0.3301
CAND_0000795,0.5617,0.0667,0.0,0.4238,0.5,0.3299
CAND_0000812,0.5158,0.1333,0.0,0.3175,0.85,0.3298
CAND_0000122,0.5023,0.0667,0.0,0.4652,0.85,0.3298
CAND_0000126,0.5532,0.0667,0.0,0.4458,0.5,0.3298
CAND_0000566,0.474,0.2,0.0,0.3675,0.7,0.3297
CAND_0000396,0.5034,0.1333,0.0,0.298,1.0,0.3294
CAND_0000894,0.4584,0.0667,0.0,0.5275,1.0,0.3291
CAND_0000743,0.4056,0.1333,0.0,0.5546,1.0,0.3288
CAND_0000779,0.5148,0.0667,0.0,0.3741,1.0,0.3287
CAND_0000305,0.4669,0.1333,0.0,0.4394,0.85,0.3285
CAND_0000435,0.4057,0.2667,0.0,0.4303,0.7,0.3285
CAND_0000403,0.4376,0.2,0.0,0.3558,1.0,0.3284
CAND_0000999,0.5259,0.0667,0.0,0.508,0.5,0.3282
CAND_0000007,0.5027,0.0667,0.0,0.4025,1.0,0.3281
CAND_0000009,0.5137,0.1333,0.0,0.311,0.85,0.328
CAND_0000210,0.5013,0.0,0.0,0.5159,1.0,0.3279
CAND_0000588,0.4844,0.0,0.0,0.5603,1.0,0.3278
CAND_0000029,0.5232,0.0667,0.0,0.3443,1.0,0.3276
CAND_0000888,0.3674,0.2667,0.0,0.4764,0.85,0.3276
CAND_0000259,0.4399,0.1333,0.0,0.4552,1.0,0.3276
CAND_0000018,0.514,0.1333,0.0,0.257,1.0,0.3275
CAND_0000392,0.4704,0.2,0.0,0.3608,0.7,0.3273
CAND_0000487,0.5581,0.0,0.1333,0.3932,0.5,0.3272
CAND_0000417,0.4681,0.0,0.0,0.599,1.0,0.3271
CAND_0000078,0.4695,0.2,0.0,0.3115,0.85,0.327
CAND_0000161,0.3697,0.3333,0.0,0.403,0.7,0.3267
CAND_0000782,0.5129,0.0,0.0667,0.4603,0.85,0.3267
CAND_0000049,0.4813,0.1333,0.0,0.388,0.85,0.3266
CAND_0000971,0.4755,0.0,0.0,0.6256,0.85,0.3265
CAND_0000172,0.441,0.2,0.0,0.383,0.85,0.3264
CAND_0000691,0.5456,0.0,0.0667,0.4857,0.5,0.3261
CAND_0000899,0.5013,0.1333,0.0,0.3295,0.85,0.3258
CAND_0000304,0.4694,0.2667,0.0,0.3087,0.5,0.3257
CAND_0000244,0.4908,0.2,0.0,0.3615,0.5,0.3256
CAND_0000940,0.4376,0.1333,0.0,0.5478,0.7,0.3255
CAND_0000562,0.4782,0.2,0.0,0.277,0.85,0.3253
CAND_0000362,0.5154,0.0,0.0,0.461,1.0,0.3253
CAND_0000990,0.4935,0.0,0.1333,0.4353,0.85,0.3252
CAND_0000198,0.5222,0.0,0.0,0.4418,1.0,0.3251
CAND_0000510,0.489,0.1333,0.0,0.357,0.85,0.325
CAND_0000745,0.4791,0.0,0.0667,0.4878,1.0,0.3248
CAND_0000439,0.4888,0.1333,0.0,0.4062,0.7,0.3248
CAND_0000419,0.4717,0.2,0.0,0.2405,1.0,0.3248
CAND_0000290,0.5622,0.0667,0.0,0.388,0.5,0.3247
CAND_0000470,0.5126,0.0667,0.0,0.4528,0.7,0.3246
CAND_0000309,0.528,0.1333,0.0,0.2508,0.85,0.3246
CAND_0000676,0.4654,0.1333,0.0,0.3642,1.0,0.3241
CAND_0000033,0.4556,0.0667,0.0,0.5016,1.0,0.3241
CAND_0000128,0.4764,0.0,0.0667,0.4898,1.0,0.324
CAND_0000300,0.4737,0.1333,0.0,0.3402,1.0,0.3239
CAND_0000714,0.4552,0.2667,0.0,0.2664,0.7,0.3237
CAND_0000569,0.4928,0.1333,0.0,0.3385,0.85,0.3237
CAND_0000497,0.5565,0.0,0.0,0.5075,0.5,0.3237
CAND_0000181,0.4207,0.2,0.0,0.4185,0.85,0.3236
CAND_0000342,0.4687,0.2,0.0,0.3407,0.7,0.3236
CAND_0000398,0.4594,0.1333,0.0,0.4257,0.85,0.3235
CAND_0000139,0.4509,0.0667,0.0,0.5097,1.0,0.3235
CAND_0000276,0.4567,0.2,0.0,0.439,0.5,0.3235
CAND_0000598,0.5059,0.0,0.0,0.641,0.5,0.3235
CAND_0000241,0.4115,0.2,0.0,0.393,1.0,0.3235
CAND_0000219,0.4654,0.2667,0.0,0.2368,0.7,0.3234
CAND_0000614,0.501,0.0,0.0,0.4861,1.0,0.3233
CAND_0000377,0.4796,0.1333,0.0,0.3193,1.0,0.3231
CAND_0000456,0.4445,0.1333,0.0,0.463,0.85,0.3231
CAND_0000644,0.4417,0.0667,0.0,0.581,0.85,0.323
CAND_0000913,0.4976,0.1333,0.0,0.4363,0.5,0.3228
CAND_0000234,0.5369,0.0,0.0667,0.487,0.5,0.3228
CAND_0000013,0.5738,0.0,0.0,0.4537,0.5,0.3226
CAND_0000335,0.5395,0.0667,0.0,0.3178,0.85,0.3226
CAND_0000204,0.5239,0.0667,0.0,0.4752,0.5,0.3225
CAND_0000701,0.5169,0.0667,0.0,0.3768,0.85,0.3224
CAND_0000918,0.4723,0.0667,0.0,0.4437,1.0,0.3221
CAND_0000274,0.5299,0.0,0.0,0.5663,0.5,0.3219
CAND_0000462,0.5374,0.0667,0.0,0.434,0.5,0.3217
CAND_0000095,0.4662,0.1333,0.0,0.3458,1.0,0.3217
CAND_0000783,0.5323,0.0667,0.0,0.4447,0.5,0.3213
CAND_0000502,0.5076,0.0667,0.0,0.5101,0.5,0.3212
CAND_0000193,0.48,0.0667,0.0,0.4162,1.0,0.3211
CAND_0000135,0.484,0.0667,0.0,0.4055,1.0,0.3211
CAND_0000412,0.4644,0.2,0.0,0.4022,0.5,0.3211
CAND_0000107,0.5051,0.2,0.0,0.1763,0.85,0.321
CAND_0000697,0.4996,0.0667,0.0,0.5282,0.5,0.3208
CAND_0000146,0.4524,0.1333,0.0,0.376,1.0,0.3207
CAND_0000727,0.4995,0.0,0.0,0.4725,1.0,0.3207
CAND_0000452,0.4772,0.0,0.1333,0.5647,0.5,0.3206
CAND_0000873,0.5094,0.0,0.0667,0.5457,0.5,0.3206
CAND_0000833,0.423,0.2,0.0,0.3918,0.85,0.3205
CAND_0000061,0.4921,0.1333,0.0,0.269,1.0,0.3205
CAND_0000827,0.5375,0.0,0.0,0.5362,0.5,0.3204
CAND_0000467,0.5295,0.0,0.0667,0.4895,0.5,0.3202
CAND_0000186,0.4437,0.0667,0.0,0.6048,0.7,0.3199
CAND_0000119,0.4798,0.1333,0.0,0.347,0.85,0.3198
CAND_0000391,0.5319,0.0,0.0667,0.48,0.5,0.3198
CAND_0000567,0.4605,0.0667,0.0,0.509,0.85,0.3197
CAND_0000443,0.4474,0.2,0.0,0.3208,0.85,0.3196
CAND_0000152,0.4992,0.1333,0.0,0.2943,0.85,0.3196
CAND_0000073,0.4733,0.1333,0.0,0.4125,0.7,0.3195
CAND_0000129,0.5015,0.0667,0.0,0.3485,1.0,0.3195
CAND_0000071,0.5342,0.0,0.1333,0.4041,0.5,0.3193
CAND_0000530,0.4753,0.0,0.0,0.5268,1.0,0.3191
CAND_0000355,0.5066,0.1333,0.0,0.271,0.85,0.3191
CAND_0000778,0.4952,0.0,0.0,0.523,0.85,0.319
CAND_0000756,0.4944,0.0667,0.0,0.4138,0.85,0.319
CAND_0000584,0.5074,0.0,0.0,0.4398,1.0,0.3189
CAND_0000522,0.4967,0.0,0.0,0.5185,0.85,0.3189
CAND_0000477,0.5341,0.0,0.0,0.5348,0.5,0.3188
CAND_0000814,0.488,0.0,0.0,0.5405,0.85,0.3188
CAND_0000034,0.463,0.2667,0.0,0.213,0.7,0.3188
CAND_0000565,0.4979,0.0,0.0,0.6306,0.5,0.3188
CAND_0000431,0.4713,0.1333,0.0,0.363,0.85,0.3188
CAND_0000438,0.5531,0.0667,0.0,0.3726,0.5,0.3188
CAND_0000753,0.4428,0.1333,0.0,0.3885,1.0,0.3187
CAND_0000884,0.5197,0.0,0.0,0.4056,1.0,0.3187
CAND_0000381,0.4513,0.2667,0.0,0.309,0.5,0.3186
CAND_0000055,0.5085,0.0,0.0,0.4336,1.0,0.3185
CAND_0000752,0.4639,0.2,0.0,0.3193,0.7,0.3184
CAND_0000296,0.4779,0.0667,0.0,0.4037,1.0,0.3184
CAND_0000446,0.3974,0.2,0.0,0.4453,0.85,0.3183
CAND_0000784,0.5068,0.1333,0.0667,0.314,0.5,0.3181
CAND_0000032,0.4776,0.0,0.1333,0.3805,1.0,0.3181
CAND_0000336,0.4178,0.1333,0.0,0.5004,0.85,0.318
CAND_0000147,0.4577,0.1333,0.0,0.3432,1.0,0.3179
CAND_0000359,0.5024,0.0667,0.0,0.3345,1.0,0.3178
CAND_0000841,0.4432,0.0667,0.0,0.4918,1.0,0.3177
CAND_0000318,0.518,0.1333,0.0,0.2777,0.7,0.3172
CAND_0000285,0.4843,0.0,0.0,0.6565,0.5,0.3172
CAND_0000087,0.5017,0.0,0.0,0.609,0.5,0.317
CAND_0000478,0.5521,0.0,0.0,0.4745,0.5,0.317
CAND_0000920,0.516,0.0,0.0,0.4525,0.85,0.3168
CAND_0000108,0.5135,0.0,0.0,0.5757,0.5,0.3168
CAND_0000877,0.5018,0.0,0.0667,0.3743,1.0,0.3168
CAND_0000916,0.4563,0.1333,0.0,0.3888,0.85,0.3167
CAND_0000768,0.427,0.1333,0.0,0.4673,0.85,0.3167
CAND_0000299,0.4591,0.1333,0.0,0.3813,0.85,0.3166
CAND_0000659,0.4875,0.1333,0.0,0.3537,0.7,0.3164
CAND_0000372,0.5071,0.0,0.0667,0.5241,0.5,0.3164
CAND_0000248,0.4597,0.1333,0.0,0.3773,0.85,0.3163
CAND_0000380,0.5406,0.0667,0.0,0.3895,0.5,0.3163
CAND_0000559,0.4791,0.1333,0.0,0.3241,0.85,0.3161
CAND_0000243,0.506,0.0,0.0667,0.3581,1.0,0.3161
CAND_0000858,0.4756,0.0,0.0667,0.6052,0.5,0.316
CAND_0000909,0.4855,0.0,0.1333,0.3455,1.0,0.316
CAND_0000767,0.4836,0.1333,0.0667,0.3605,0.5,0.3159
CAND_0000416,0.4926,0.0667,0.0,0.514,0.5,0.3158
CAND_0000328,0.4354,0.1333,0.0,0.4385,0.85,0.3158
CAND_0000188,0.444,0.2667,0.0,0.2428,0.7,0.3157
CAND_0000734,0.4208,0.1333,0.0,0.4264,1.0,0.3156
CAND_0000660,0.4796,0.0667,0.0,0.5473,0.5,0.3156
CAND_0000143,0.447,0.0667,0.0,0.4672,1.0,0.3155
CAND_0000267,0.4711,0.1333,0.0,0.4574,0.5,0.3154
CAND_0000170,0.4208,0.1333,0.0,0.4743,0.85,0.3153
CAND_0000528,0.4762,0.0667,0.0,0.4373,0.85,0.3152
CAND_0000792,0.4939,0.0667,0.0,0.39,0.85,0.3152
CAND_0000982,0.4659,0.0667,0.0,0.4135,1.0,0.315
CAND_0000761,0.5364,0.0,0.0,0.386,0.85,0.315
CAND_0000780,0.4979,0.0,0.0,0.4385,1.0,0.315
CAND_0000301,0.5822,0.0667,0.0,0.269,0.5,0.3149
CAND_0000262,0.5125,0.0,0.0,0.4496,0.85,0.3149
CAND_0000365,0.4815,0.0667,0.0,0.3702,1.0,0.3148
CAND_0000620,0.5028,0.0,0.0,0.4728,0.85,0.3146
CAND_0000340,0.5367,0.0667,0.0,0.2717,0.85,0.3146
CAND_0000696,0.4916,0.1333,0.0,0.3968,0.5,0.3145
CAND_0000835,0.4622,0.0667,0.0,0.419,1.0,0.3144
CAND_0000495,0.5412,0.0,0.0,0.4852,0.5,0.3143
CAND_0000189,0.5062,0.0667,0.0,0.4668,0.5,0.3142
CAND_0000994,0.5134,0.0667,0.0,0.3307,0.85,0.3141
CAND_0000975,0.5225,0.0,0.0,0.3664,1.0,0.314
CAND_0000550,0.4707,0.1333,0.0,0.3316,0.85,0.3139
CAND_0000764,0.4723,0.1333,0.0667,0.3768,0.5,0.3138
CAND_0000863,0.5429,0.0667,0.0,0.366,0.5,0.3137
CAND_0000011,0.4828,0.1333,0.0,0.4146,0.5,0.3136
CAND_0000429,0.5255,0.0,0.1333,0.389,0.5,0.3136
CAND_0000557,0.4174,0.0667,0.0,0.5801,0.85,0.3131
CAND_0000585,0.4377,0.2,0.0,0.3025,0.85,0.313
CAND_0000695,0.4831,0.1333,0.0,0.2918,0.85,0.3128
CAND_0000190,0.4672,0.0667,0.1333,0.4275,0.5,0.3127
CAND_0000748,0.4967,0.1333,0.0,0.3035,0.7,0.3125
CAND_0000573,0.4519,0.1333,0.0,0.423,0.7,0.3125
CAND_0000823,0.447,0.0667,0.0,0.5465,0.7,0.3124
CAND_0000524,0.4751,0.1333,0.0,0.31,0.85,0.3124
CAND_0000788,0.4887,0.1333,0.0,0.3893,0.5,0.3122
CAND_0000979,0.4969,0.0,0.0,0.473,0.85,0.3122
CAND_0000297,0.5269,0.0,0.0,0.3427,1.0,0.3122
CAND_0000687,0.441,0.0667,0.0,0.5095,0.85,0.312
CAND_0000094,0.5273,0.0667,0.0,0.3955,0.5,0.3119
CAND_0000742,0.4826,0.0,0.0,0.4583,1.0,0.3118
CAND_0000572,0.5107,0.0667,0.0,0.2722,1.0,0.3118
CAND_0000050,0.4593,0.1333,0.0,0.3957,0.7,0.3114
CAND_0000728,0.5284,0.0667,0.0,0.388,0.5,0.3112
CAND_0000027,0.4866,0.0,0.0667,0.5427,0.5,0.3111
CAND_0000834,0.5402,0.0,0.0667,0.4003,0.5,0.3111
CAND_0000017,0.5266,0.1333,0.0,0.2127,0.7,0.3109
CAND_0000980,0.4982,0.0,0.0,0.4105,1.0,0.3108
CAND_0000992,0.5032,0.0,0.0,0.5628,0.5,0.3107
CAND_0000373,0.468,0.0667,0.0,0.5453,0.5,0.3106
CAND_0000054,0.4806,0.0,0.0,0.506,0.85,0.3106
CAND_0000057,0.4495,0.2667,0.0,0.26,0.5,0.3105
CAND_0000601,0.4472,0.0667,0.0,0.483,0.85,0.3105
CAND_0000173,0.4472,0.1333,0.0,0.3212,1.0,0.3104
CAND_0000313,0.5102,0.0,0.0667,0.3087,1.0,0.3104
CAND_0000303,0.4987,0.2,0.0,0.2363,0.5,0.3099
CAND_0000067,0.4915,0.1333,0.0,0.3662,0.5,0.3099
CAND_0000482,0.4709,0.0,0.0667,0.4595,0.85,0.3098
CAND_0000072,0.5192,0.0,0.0,0.3476,1.0,0.3098
CAND_0000867,0.4529,0.1333,0.0,0.4008,0.7,0.3096
CAND_0000044,0.491,0.0,0.0667,0.3535,1.0,0.3094
CAND_0000568,0.4452,0.2,0.0,0.2582,0.85,0.3093
CAND_0000851,0.4449,0.2,0.0,0.2082,1.0,0.3092
CAND_0000206,0.465,0.1333,0.0,0.3158,0.85,0.3092
CAND_0000944,0.4688,0.0,0.0,0.5268,0.85,0.309
CAND_0000755,0.5168,0.0,0.0,0.3473,1.0,0.3088
CAND_0000527,0.5142,0.0667,0.0,0.2925,0.85,0.3087
CAND_0000324,0.5142,0.0,0.0,0.5195,0.5,0.3086
CAND_0000337,0.4804,0.1333,0.0,0.2695,0.85,0.3084
CAND_0000649,0.4447,0.0,0.2,0.3868,0.85,0.3084
CAND_0000350,0.5183,0.0667,0.0,0.2792,0.85,0.3084
CAND_0000224,0.4898,0.0667,0.0,0.3553,0.85,0.3084
CAND_0000937,0.481,0.0,0.0667,0.5393,0.5,0.3083
CAND_0000230,0.4651,0.2,0.0,0.3138,0.5,0.3081
CAND_0000837,0.494,0.0,0.0,0.402,1.0,0.3079
CAND_0000622,0.4982,0.0667,0.0,0.4463,0.5,0.3079
CAND_0000808,0.5129,0.0667,0.0,0.4065,0.5,0.3078
CAND_0000970,0.4402,0.0,0.1333,0.5776,0.5,0.3077
CAND_0000511,0.4781,0.1333,0.0,0.221,1.0,0.3077
CAND_0000287,0.4286,0.0667,0.0,0.4635,1.0,0.3076
CAND_0000946,0.4557,0.2,0.0,0.268,0.7,0.3075
CAND_0000754,0.4247,0.2,0.0,0.35,0.7,0.3074
CAND_0000820,0.4606,0.0,0.1333,0.5211,0.5,0.3074
CAND_0000662,0.5124,0.0667,0.0,0.4048,0.5,0.3073
CAND_0000451,0.4646,0.0667,0.0,0.3644,1.0,0.3072
CAND_0000612,0.5001,0.0,0.0,0.3805,1.0,0.3071
CAND_0000308,0.5544,0.0667,0.0,0.2898,0.5,0.3069
CAND_0000379,0.48,0.0667,0.0,0.488,0.5,0.3069
CAND_0000798,0.5334,0.0667,0.0,0.345,0.5,0.3068
CAND_0000099,0.4861,0.0,0.0,0.5823,0.5,0.3068
CAND_0000205,0.4704,0.0667,0.0,0.396,0.85,0.3067
CAND_0000619,0.4505,0.1333,0.0,0.337,0.85,0.3066
CAND_0000844,0.4884,0.0,0.0,0.4083,1.0,0.3066
CAND_0000885,0.4392,0.1333,0.0,0.4164,0.7,0.3065
CAND_0000155,0.5151,0.0,0.0667,0.4363,0.5,0.3065
CAND_0000249,0.5036,0.0,0.0,0.414,0.85,0.3061
CAND_0000195,0.4297,0.1333,0.0,0.3373,1.0,0.3058
CAND_0000712,0.472,0.0,0.0667,0.5463,0.5,0.3058
CAND_0000474,0.4448,0.0667,0.0,0.4075,1.0,0.3057
CAND_0000849,0.5108,0.0,0.0,0.5083,0.5,0.3055
CAND_0000239,0.5428,0.0667,0.0,0.1933,0.85,0.3053
CAND_0000246,0.4661,0.0,0.0,0.5082,0.85,0.3052
CAND_0000709,0.4037,0.0667,0.0,0.5128,1.0,0.3051
CAND_0000774,0.4467,0.0,0.0,0.5591,0.85,0.3051
CAND_0000621,0.438,0.0667,0.0,0.4202,1.0,0.3049
CAND_0000973,0.4702,0.0,0.0,0.4452,1.0,0.3049
CAND_0000275,0.5262,0.0,0.0,0.2953,1.0,0.3048
CAND_0000192,0.5309,0.0,0.0,0.281,1.0,0.3045
CAND_0000283,0.4954,0.0667,0.0,0.4313,0.5,0.3045
CAND_0000351,0.4693,0.0667,0.0,0.3342,1.0,0.3045
CAND_0000250,0.5171,0.0,0.0,0.4848,0.5,0.3045
CAND_0000376,0.4296,0.0667,0.0,0.537,0.7,0.304
CAND_0000977,0.5398,0.0,0.0,0.4195,0.5,0.3038
CAND_0000794,0.4849,0.0,0.0,0.5657,0.5,0.3038
CAND_0000636,0.5531,0.0,0.0,0.383,0.5,0.3037
CAND_0000368,0.4078,0.1333,0.0,0.382,1.0,0.3037
CAND_0000721,0.4659,0.1333,0.0,0.3256,0.7,0.3035
CAND_0000670,0.4342,0.2,0.0,0.2485,0.85,0.3035
CAND_0000766,0.4971,0.0,0.0667,0.4641,0.5,0.3034
CAND_0000447,0.5421,0.0,0.0,0.2428,1.0,0.3033
CAND_0000472,0.478,0.1333,0.0667,0.2919,0.5,0.3033
CAND_0000762,0.4153,0.1333,0.0,0.357,1.0,0.303
CAND_0000158,0.479,0.0,0.0667,0.3923,0.85,0.3029
CAND_0000245,0.5271,0.0667,0.0,0.3362,0.5,0.3029
CAND_0000404,0.4921,0.0,0.0667,0.3068,1.0,0.3029
CAND_0000948,0.4776,0.0,0.0,0.5782,0.5,0.3027
CAND_0000842,0.5479,0.0,0.0,0.3898,0.5,0.3026
CAND_0000554,0.4259,0.0,0.0,0.5983,0.85,0.3026
CAND_0000047,0.5087,0.0667,0.0,0.3832,0.5,0.3026
CAND_0000218,0.5088,0.0,0.0,0.3267,1.0,0.3025
CAND_0000542,0.3861,0.2667,0.0,0.3087,0.7,0.3024
CAND_0000772,0.5709,0.0,0.0,0.3266,0.5,0.3023
CAND_0000091,0.5029,0.0,0.0667,0.4412,0.5,0.3023
CAND_0000494,0.5346,0.0,0.0,0.4215,0.5,0.3021
CAND_0000637,0.5479,0.0,0.0,0.3863,0.5,0.3021
CAND_0000157,0.4778,0.1333,0.0,0.3503,0.5,0.302
CAND_0000115,0.4679,0.0,0.0,0.4317,1.0,0.3019
CAND_0000366,0.4452,0.0667,0.0,0.5468,0.5,0.3017
CAND_0000720,0.4797,0.0667,0.0,0.3872,0.7,0.3016
CAND_0000104,0.4787,0.0,0.0,0.4005,1.0,0.3016
CAND_0000253,0.4352,0.1333,0.0,0.2928,1.0,0.3013
CAND_0000489,0.4988,0.0,0.0,0.509,0.5,0.3009
CAND_0000306,0.457,0.1333,0.0,0.3311,0.7,0.3008
CAND_0000005,0.4265,0.0,0.0,0.5815,0.85,0.3003
CAND_0000685,0.4996,0.0667,0.0,0.2748,0.85,0.3002
CAND_0000690,0.539,0.0,0.0,0.3977,0.5,0.3002
CAND_0000801,0.4727,0.0,0.0,0.5738,0.5,0.3001
CAND_0000066,0.5299,0.0,0.0,0.4205,0.5,0.3
CAND_0000799,0.4729,0.0,0.0667,0.3392,1.0,0.3
CAND_0000822,0.4098,0.1333,0.0,0.4507,0.7,0.2999
CAND_0000991,0.4935,0.0667,0.0,0.2386,1.0,0.2999
CAND_0000058,0.4254,0.1333,0.0,0.3585,0.85,0.2998
CAND_0000669,0.4789,0.1333,0.0,0.2655,0.7,0.2997
CAND_0000800,0.4165,0.1333,0.0,0.4307,0.7,0.2996
CAND_0000317,0.4892,0.0,0.0,0.5245,0.5,0.2994
CAND_0000618,0.5025,0.0,0.0667,0.2555,1.0,0.2993
CAND_0000125,0.4247,0.0667,0.0,0.4183,1.0,0.2993
CAND_0000196,0.5231,0.0,0.0,0.3165,0.85,0.2992
CAND_0000153,0.4072,0.1333,0.0,0.518,0.5,0.2989
CAND_0000936,0.486,0.0,0.1333,0.3958,0.5,0.2988
CAND_0000164,0.4921,0.0667,0.0,0.4015,0.5,0.2987
CAND_0000804,0.4422,0.1333,0.0,0.3065,0.85,0.2987
CAND_0000939,0.5264,0.0,0.0,0.4196,0.5,0.2985
CAND_0000679,0.5001,0.0,0.0,0.3731,0.85,0.2985
CAND_0000538,0.4459,0.1333,0.0,0.245,1.0,0.2984
CAND_0000945,0.4582,0.0,0.0,0.4835,0.85,0.2983
CAND_0000504,0.429,0.2,0.0,0.2777,0.7,0.2983
CAND_0000694,0.4559,0.2,0.0,0.2722,0.5,0.2982
CAND_0000787,0.4208,0.1333,0.0,0.409,0.7,0.298
CAND_0000407,0.5704,0.0,0.0,0.2973,0.5,0.2978
CAND_0000988,0.4034,0.2,0.0,0.2923,0.85,0.2977
CAND_0000216,0.4237,0.0667,0.0,0.409,1.0,0.2975
CAND_0000113,0.4994,0.0,0.0,0.4843,0.5,0.2974
CAND_0000348,0.4691,0.0,0.0,0.3959,1.0,0.297
CAND_0000008,0.5346,0.0,0.0,0.3875,0.5,0.297
CAND_0000525,0.4643,0.0,0.0,0.4557,0.85,0.2966
CAND_0000357,0.4509,0.0,0.0,0.4414,1.0,0.2966
CAND_0000109,0.4826,0.1333,0.0,0.298,0.5,0.2961
CAND_0000383,0.4633,0.1333,0.0,0.348,0.5,0.2958
CAND_0000963,0.4501,0.0667,0.0,0.4941,0.5,0.2958
CAND_0000551,0.4499,0.0667,0.0,0.4935,0.5,0.2957
CAND_0000924,0.476,0.0667,0.0,0.3077,0.85,0.2957
CAND_0000052,0.5306,0.0667,0.0,0.279,0.5,0.2957
CAND_0000180,0.4889,0.0,0.0,0.3312,1.0,0.2952
CAND_0000672,0.4777,0.2,0.0,0.1938,0.5,0.2951
CAND_0000424,0.4686,0.0667,0.0,0.3718,0.7,0.2949
CAND_0000202,0.4999,0.0,0.0,0.4653,0.5,0.2947
CAND_0000471,0.5131,0.0,0.0,0.429,0.5,0.2946
CAND_0000454,0.4248,0.0,0.0667,0.4298,1.0,0.2944
CAND_0000563,0.4944,0.0667,0.0,0.3662,0.5,0.2944
CAND_0000450,0.5194,0.0667,0.0,0.3,0.5,0.2944
CAND_0000904,0.4316,0.1333,0.0,0.423,0.5,0.2944
CAND_0000757,0.4211,0.0,0.0,0.5048,1.0,0.2942
CAND_0000469,0.5296,0.0,0.0,0.377,0.5,0.2934
CAND_0000776,0.515,0.0667,0.0,0.3043,0.5,0.2933
CAND_0000750,0.5259,0.0667,0.0,0.2748,0.5,0.2933
CAND_0000035,0.5112,0.0,0.0,0.3065,0.85,0.293
CAND_0000730,0.4588,0.0,0.0,0.4463,0.85,0.293
CAND_0000070,0.4203,0.1333,0.0,0.3265,0.85,0.2929
CAND_0000747,0.4175,0.2,0.0,0.2218,0.85,0.2927
CAND_0000501,0.4848,0.0,0.0,0.3245,1.0,0.2926
CAND_0000053,0.4884,0.0667,0.0,0.3681,0.5,0.2922
CAND_0000463,0.4942,0.0,0.0,0.4633,0.5,0.2922
CAND_0000947,0.4312,0.0,0.1333,0.4979,0.5,0.2921
CAND_0000320,0.4709,0.0,0.0,0.3574,1.0,0.292
CAND_0000900,0.4396,0.0,0.1333,0.4741,0.5,0.292
CAND_0000086,0.455,0.0667,0.0,0.3377,0.85,0.2918
CAND_0000682,0.475,0.0667,0.0667,0.3343,0.5,0.2918
CAND_0000564,0.5193,0.0,0.0,0.2265,1.0,0.2917
CAND_0000597,0.413,0.2,0.0,0.276,0.7,0.2916
CAND_0000910,0.4606,0.0667,0.0,0.437,0.5,0.2915
CAND_0000179,0.454,0.0,0.0,0.5635,0.5,0.2911
CAND_0000972,0.4925,0.0667,0.0,0.2828,0.7,0.2911
CAND_0000589,0.4195,0.0667,0.0,0.4266,0.85,0.291
CAND_0000315,0.4843,0.0,0.0,0.4758,0.5,0.2901
CAND_0000951,0.4859,0.0,0.0,0.304,1.0,0.29
CAND_0000090,0.5166,0.0,0.0,0.3882,0.5,0.2899
CAND_0000260,0.4821,0.0,0.0,0.4805,0.5,0.2899
CAND_0000184,0.464,0.0,0.0667,0.3454,0.85,0.2899
CAND_0000651,0.4559,0.2,0.0,0.2162,0.5,0.2898
CAND_0000040,0.4891,0.0667,0.0,0.3488,0.5,0.2896
CAND_0000553,0.5041,0.0,0.0,0.3033,0.85,0.2896
CAND_0000689,0.3886,0.1333,0.0,0.3885,0.85,0.2895
CAND_0000531,0.4649,0.0,0.0,0.3568,1.0,0.2895
CAND_0000577,0.5234,0.0,0.0,0.3678,0.5,0.2895
CAND_0000595,0.4989,0.0,0.0,0.4332,0.5,0.2895
CAND_0000271,0.4762,0.0,0.0,0.3248,1.0,0.2892
CAND_0000507,0.5228,0.0,0.0,0.3668,0.5,0.2892
CAND_0000657,0.4422,0.0667,0.0,0.4711,0.5,0.2892
CAND_0000278,0.5198,0.0,0.0,0.3748,0.5,0.2891
CAND_0000150,0.4469,0.0667,0.0,0.2908,1.0,0.289
CAND_0000483,0.4275,0.0667,0.0,0.3918,0.85,0.2889
CAND_0000856,0.4435,0.1333,0.0,0.3535,0.5,0.2888
CAND_0000364,0.4792,0.0,0.0,0.3135,1.0,0.2887
CAND_0000540,0.481,0.0,0.0,0.3075,1.0,0.2885
CAND_0000615,0.4833,0.0,0.0,0.4675,0.5,0.2885
CAND_0000401,0.4113,0.1333,0.0,0.2705,1.0,0.2884
CAND_0000481,0.5013,0.0,0.0,0.3027,0.85,0.2884
CAND_0000145,0.5315,0.0667,0.0,0.2248,0.5,0.288
CAND_0000908,0.538,0.0,0.0,0.3185,0.5,0.288
CAND_0000708,0.4348,0.0,0.0,0.4765,0.85,0.2879
CAND_0000731,0.4783,0.0667,0.0,0.2993,0.7,0.2879
CAND_0000519,0.5228,0.0,0.0,0.3588,0.5,0.2879
CAND_0000810,0.4478,0.0,0.0,0.4415,0.85,0.2878
CAND_0000628,0.4727,0.0,0.0667,0.4223,0.5,0.2874
CAND_0000763,0.4884,0.0667,0.0,0.3333,0.5,0.287
CAND_0000141,0.497,0.0,0.0,0.4205,0.5,0.2869
CAND_0000861,0.4408,0.0667,0.0,0.4583,0.5,0.2867
CAND_0000432,0.4528,0.1333,0.0,0.1968,0.85,0.2865
CAND_0000648,0.4543,0.0667,0.0,0.302,0.85,0.2862
CAND_0000166,0.4265,0.0667,0.0,0.3755,0.85,0.2861
CAND_0000369,0.4789,0.0667,0.0,0.3515,0.5,0.286
CAND_0000264,0.5106,0.0667,0.0,0.267,0.5,0.286
CAND_0000208,0.4489,0.0667,0.0,0.3148,0.85,0.2859
CAND_0000548,0.4177,0.0667,0.0,0.347,1.0,0.2858
CAND_0000931,0.4601,0.0667,0.0,0.281,0.85,0.2853
CAND_0000769,0.4742,0.0,0.0667,0.4028,0.5,0.2851
CAND_0000405,0.5182,0.0,0.0,0.351,0.5,0.2849
CAND_0000677,0.3914,0.2,0.0,0.289,0.7,0.2849
CAND_0000546,0.5254,0.0,0.0,0.3305,0.5,0.2847
CAND_0000893,0.3948,0.0667,0.0,0.4,1.0,0.2846
CAND_0000793,0.4497,0.0667,0.0,0.253,1.0,0.2845
CAND_0000575,0.491,0.0,0.0,0.4198,0.5,0.2844
CAND_0000485,0.5353,0.0,0.0,0.1842,0.85,0.2843
CAND_0000329,0.5049,0.0,0.0,0.3815,0.5,0.2842
CAND_0000717,0.5138,0.0667,0.0,0.2442,0.5,0.2838
CAND_0000736,0.3606,0.2,0.0,0.3133,0.85,0.2837
CAND_0000926,0.4586,0.0,0.0,0.4971,0.5,0.283
CAND_0000536,0.4893,0.0,0.0667,0.3478,0.5,0.2829
CAND_0000771,0.4765,0.0,0.0,0.2805,1.0,0.2827
CAND_0000521,0.3854,0.0667,0.0,0.4123,1.0,0.2827
CAND_0000028,0.4801,0.0667,0.0,0.326,0.5,0.2826
CAND_0000006,0.5027,0.0,0.0,0.2103,1.0,0.2826
CAND_0000570,0.4845,0.0,0.0667,0.3575,0.5,0.2824
CAND_0000288,0.4924,0.0,0.0,0.4015,0.5,0.2822
CAND_0000449,0.4325,0.0667,0.0,0.333,0.85,0.2821
CAND_0000591,0.4623,0.0667,0.0,0.2993,0.7,0.2815
CAND_0000089,0.5101,0.0,0.0,0.3498,0.5,0.2815
CAND_0000613,0.4047,0.0667,0.0,0.3509,1.0,0.2812
CAND_0000457,0.4926,0.0,0.0,0.3923,0.5,0.2809
CAND_0000214,0.42,0.0667,0.0,0.3573,0.85,0.2807
CAND_0000003,0.5109,0.0,0.0,0.3417,0.5,0.2806
CAND_0000056,0.4999,0.0,0.0667,0.3043,0.5,0.2806
CAND_0000914,0.4658,0.0667,0.0,0.234,0.85,0.2806
CAND_0000880,0.5109,0.0,0.0,0.3415,0.5,0.2806
CAND_0000850,0.4327,0.0667,0.0,0.3217,0.85,0.2805
CAND_0000132,0.3502,0.1333,0.0,0.379,1.0,0.2803
CAND_0000175,0.4888,0.0667,0.0,0.2863,0.5,0.2801
CAND_0000941,0.5519,0.0,0.0,0.226,0.5,0.2796
CAND_0000898,0.4895,0.0,0.0667,0.3257,0.5,0.2796
CAND_0000334,0.5077,0.0,0.0,0.3437,0.5,0.2796
CAND_0000491,0.428,0.0667,0.0,0.378,0.7,0.2796
CAND_0000655,0.4598,0.0,0.0667,0.4034,0.5,0.2794
CAND_0000076,0.4315,0.0,0.0,0.4278,0.85,0.2793
CAND_0000923,0.4664,0.0,0.0,0.4507,0.5,0.2792
CAND_0000643,0.4752,0.0,0.0,0.306,0.85,0.2785
CAND_0000811,0.4614,0.0,0.0,0.3928,0.7,0.2785
CAND_0000064,0.447,0.0,0.0,0.3805,0.85,0.2784
CAND_0000590,0.4621,0.0,0.0667,0.3869,0.5,0.2779
CAND_0000118,0.4007,0.1333,0.0,0.228,1.0,0.2778
CAND_0000408,0.4762,0.0,0.0667,0.3477,0.5,0.2776
CAND_0000688,0.4924,0.0,0.0667,0.3028,0.5,0.2774
CAND_0000378,0.4863,0.0,0.0,0.386,0.5,0.2774
CAND_0000039,0.4266,0.1333,0.0,0.3207,0.5,0.2771
CAND_0000356,0.5222,0.0,0.0,0.2866,0.5,0.2769
CAND_0000848,0.4607,0.0,0.0,0.332,0.85,0.2766
CAND_0000667,0.4084,0.1333,0.0,0.1988,1.0,0.2765
CAND_0000641,0.3969,0.0667,0.0,0.439,0.7,0.2763
CAND_0000453,0.4604,0.0,0.0,0.4465,0.5,0.2761
CAND_0000298,0.4844,0.0,0.0,0.2147,1.0,0.276
CAND_0000326,0.4764,0.0,0.0667,0.3361,0.5,0.276
CAND_0000375,0.5058,0.0,0.0,0.3235,0.5,0.2759
CAND_0000256,0.5204,0.0,0.0,0.2848,0.5,0.2759
CAND_0000661,0.4329,0.0667,0.0,0.2395,1.0,0.2757
CAND_0000829,0.4992,0.0,0.0,0.3402,0.5,0.2757
CAND_0000102,0.4993,0.0,0.0,0.3375,0.5,0.2754
CAND_0000281,0.4896,0.0,0.0,0.3638,0.5,0.2754
CAND_0000221,0.3985,0.1333,0.0,0.3838,0.5,0.2753
CAND_0000513,0.4728,0.0,0.0,0.4055,0.5,0.275
CAND_0000101,0.4347,0.0,0.0,0.341,1.0,0.275
CAND_0000616,0.4494,0.0,0.0,0.2983,1.0,0.2745
CAND_0000558,0.4881,0.0,0.0,0.3603,0.5,0.2743
CAND_0000059,0.5123,0.0,0.0,0.2937,0.5,0.274
CAND_0000617,0.5008,0.0,0.0667,0.2518,0.5,0.2731
CAND_0000460,0.4186,0.0667,0.0,0.3595,0.7,0.273
CAND_0000171,0.5132,0.0667,0.0,0.1735,0.5,0.273
CAND_0000174,0.4967,0.0,0.0,0.3273,0.5,0.2728
CAND_0000831,0.4159,0.0,0.0,0.3748,1.0,0.2726
CAND_0000279,0.4749,0.0667,0.0,0.2735,0.5,0.2726
CAND_0000843,0.4483,0.0667,0.0,0.3415,0.5,0.2722
CAND_0000890,0.4785,0.0667,0.0,0.2585,0.5,0.2718
CAND_0000282,0.4384,0.0667,0.0,0.3625,0.5,0.2714
CAND_0000207,0.4645,0.0,0.0,0.2363,1.0,0.2712
CAND_0000713,0.4835,0.0667,0.0,0.24,0.5,0.2711
CAND_0000954,0.4982,0.0,0.0,0.312,0.5,0.2711
CAND_0000257,0.4838,0.0,0.0,0.346,0.5,0.2704
CAND_0000490,0.4679,0.0667,0.0,0.2749,0.5,0.27
CAND_0000610,0.4117,0.0667,0.0,0.3078,0.85,0.27
CAND_0000958,0.4264,0.0,0.0,0.3774,0.85,0.2697
CAND_0000266,0.4754,0.0667,0.0,0.2498,0.5,0.2693
CAND_0000213,0.4792,0.0,0.0,0.3478,0.5,0.2688
CAND_0000176,0.4377,0.0667,0.0,0.2268,0.85,0.2682
CAND_0000363,0.4833,0.0667,0.0,0.2188,0.5,0.2678
CAND_0000901,0.4732,0.0,0.0,0.3558,0.5,0.2676
CAND_0000406,0.4975,0.0,0.0667,0.224,0.5,0.2676
CAND_0000806,0.481,0.0,0.0,0.333,0.5,0.2674
CAND_0000857,0.4132,0.0,0.0,0.3463,1.0,0.2672
CAND_0000729,0.3737,0.1333,0.0,0.2288,1.0,0.2671
CAND_0000111,0.4497,0.0667,0.0,0.2925,0.5,0.2654
CAND_0000638,0.4471,0.0,0.0,0.2395,1.0,0.2648
CAND_0000123,0.4378,0.0,0.0,0.3143,0.85,0.2648
CAND_0000775,0.4289,0.0,0.0,0.4475,0.5,0.2637
CAND_0000741,0.4806,0.0,0.0,0.309,0.5,0.2636
CAND_0000995,0.5267,0.0,0.0,0.185,0.5,0.2634
CAND_0000710,0.4066,0.0667,0.0,0.276,0.85,0.2632
CAND_0000882,0.4064,0.1333,0.0,0.2792,0.5,0.2628
CAND_0000816,0.4598,0.0667,0.0,0.2442,0.5,0.2622
CAND_0000393,0.4649,0.0,0.0,0.3397,0.5,0.2619
CAND_0000902,0.481,0.0,0.0,0.296,0.5,0.2618
CAND_0000632,0.3827,0.0667,0.0,0.4253,0.5,0.2586
CAND_0000012,0.4864,0.0,0.0,0.2475,0.5,0.2567
CAND_0000819,0.4499,0.0,0.0,0.344,0.5,0.2566
CAND_0000434,0.4363,0.0667,0.0,0.2642,0.5,0.2558
CAND_0000817,0.4112,0.0,0.0,0.3688,0.7,0.2548
CAND_0000832,0.3487,0.1333,0.0,0.3725,0.5,0.2537
CAND_0000420,0.4062,0.0667,0.0,0.261,0.7,0.2533
CAND_0000183,0.4167,0.0,0.0,0.3835,0.5,0.2492
CAND_0000252,0.3895,0.0,0.0,0.4103,0.5,0.2423
CAND_0000291,0.3709,0.0,0.0,0.3257,0.7,0.2322
CAND_0000194,0.3848,0.0,0.0,0.2635,0.5,0.2184
